date,pred
2011-10-27,0.2657837
2011-10-28,0.27899563
2011-10-31,0.27124935
2011-11-01,0.27576995
2011-11-02,0.2840531
2011-11-03,0.28621647
2011-11-04,0.28802922
2011-11-07,0.28848237
2011-11-08,0.2783113
2011-11-09,0.27068484
2011-11-10,0.29414818
2011-11-11,0.29020792
2011-11-14,0.3030411
2011-11-15,0.3010743
2011-11-16,0.29335597
2011-11-17,0.29039437
2011-11-18,0.2910926
2011-11-21,0.2868559
2011-11-22,0.28907675
2011-11-23,0.28706548
2011-11-25,0.2924787
2011-11-28,0.2708208
2011-11-29,0.27278024
2011-11-30,0.2692846
2011-12-01,0.2876366
2011-12-02,0.2953889
2011-12-05,0.295445
2011-12-06,0.2954013
2011-12-07,0.29794154
2011-12-08,0.29782137
2011-12-09,0.28549716
2011-12-12,0.2765643
2011-12-13,0.2790761
2011-12-14,0.27920854
2011-12-15,0.27857032
2011-12-16,0.27080476
2011-12-19,0.26924336
2011-12-20,0.27007505
2011-12-21,0.27830762
2011-12-22,0.2834712
2011-12-23,0.27618352
2011-12-27,0.27368852
2011-12-28,0.25803354
2011-12-29,0.25229973
2011-12-30,0.22095032
2012-01-03,0.20698868
2012-01-04,0.20625918
2012-01-05,0.20320496
2012-01-06,0.20410968
2012-01-09,0.20532541
2012-01-10,0.1934127
2012-01-11,0.18830861
2012-01-12,0.18154666
2012-01-13,0.17391567
2012-01-17,0.16765375
2012-01-18,0.16355804
2012-01-19,0.16490959
2012-01-20,0.15401387
2012-01-23,0.13181005
2012-01-24,0.12251286
2012-01-25,0.11887071
2012-01-26,0.11811682
2012-01-27,0.120544866
2012-01-30,0.11545627
2012-01-31,0.11441879
2012-02-01,0.112788014
2012-02-02,0.10108551
2012-02-03,0.09636677
2012-02-06,0.09508073
2012-02-07,0.093912646
2012-02-08,0.09290154
2012-02-09,0.0892441
2012-02-10,0.086373575
2012-02-13,0.095088005
2012-02-14,0.096750714
2012-02-15,0.09736963
2012-02-16,0.095222
2012-02-17,0.09311819
2012-02-21,0.09219675
2012-02-22,0.09330108
2012-02-23,0.094417445
2012-02-24,0.09278783
2012-02-27,0.09006679
2012-02-28,0.09144327
2012-02-29,0.0894673
2012-03-01,0.08859701
2012-03-02,0.08583017
2012-03-05,0.08692834
2012-03-06,0.0878641
2012-03-07,0.10144329
2012-03-08,0.107001826
2012-03-09,0.1107492
2012-03-12,0.113719046
2012-03-13,0.11099967
2012-03-14,0.1121414
2012-03-15,0.11778841
2012-03-16,0.11910958
2012-03-19,0.11964516
2012-03-20,0.119388774
2012-03-21,0.121168025
2012-03-22,0.12244669
2012-03-23,0.12684491
2012-03-26,0.12648785
2012-03-27,0.12723047
2012-03-28,0.1291934
2012-03-29,0.13268857
2012-03-30,0.13366432
2012-04-02,0.13242203
2012-04-03,0.12983641
2012-04-04,0.11883496
2012-04-05,0.1244636
2012-04-09,0.120516494
2012-04-10,0.12483294
2012-04-11,0.13936998
2012-04-12,0.1280635
2012-04-13,0.12693489
2012-04-16,0.13261274
2012-04-17,0.1349114
2012-04-18,0.13896622
2012-04-19,0.14135863
2012-04-20,0.14397027
2012-04-23,0.14292148
2012-04-24,0.14577019
2012-04-25,0.13956475
2012-04-26,0.14044654
2012-04-27,0.14237624
2012-04-30,0.14403762
2012-05-01,0.14482425
2012-05-02,0.14124876
2012-05-03,0.13882829
2012-05-04,0.1354875
2012-05-07,0.14275442
2012-05-08,0.13962218
2012-05-09,0.13515258
2012-05-10,0.13311706
2012-05-11,0.124783166
2012-05-14,0.11947847
2012-05-15,0.12317887
2012-05-16,0.11910304
2012-05-17,0.12146583
2012-05-18,0.12608424
2012-05-21,0.13696288
2012-05-22,0.14439183
2012-05-23,0.14780477
2012-05-24,0.13872524
2012-05-25,0.13304003
2012-05-29,0.12670122
2012-05-30,0.13212836
2012-05-31,0.13722412
2012-06-01,0.1396642
2012-06-04,0.15187493
2012-06-05,0.15402967
2012-06-06,0.15526061
2012-06-07,0.16658342
2012-06-08,0.17208533
2012-06-11,0.17437215
2012-06-12,0.17697674
2012-06-13,0.1782134
2012-06-14,0.17894971
2012-06-15,0.17572154
2012-06-18,0.17108434
2012-06-19,0.16297568
2012-06-20,0.15460558
2012-06-21,0.15417464
2012-06-22,0.1709365
2012-06-25,0.1750646
2012-06-26,0.18662651
2012-06-27,0.1873663
2012-06-28,0.18298838
2012-06-29,0.18262471
2012-07-02,0.18362954
2012-07-03,0.18542583
2012-07-05,0.18503202
2012-07-06,0.17963593
2012-07-09,0.18526593
2012-07-10,0.1866928
2012-07-11,0.18689452
2012-07-12,0.18274496
2012-07-13,0.18421358
2012-07-16,0.18567608
2012-07-17,0.18573202
2012-07-18,0.18410067
2012-07-19,0.18179567
2012-07-20,0.18204103
2012-07-23,0.17596625
2012-07-24,0.17943293
2012-07-25,0.1756524
2012-07-26,0.1723666
2012-07-27,0.17193656
2012-07-30,0.17872392
2012-07-31,0.16745992
2012-08-01,0.16268273
2012-08-02,0.15782426
2012-08-03,0.15972222
2012-08-06,0.16256657
2012-08-07,0.16413979
2012-08-08,0.16091733
2012-08-09,0.16062532
2012-08-10,0.1568483
2012-08-13,0.14974898
2012-08-14,0.14705528
2012-08-15,0.14479376
2012-08-16,0.1433464
2012-08-17,0.14281678
2012-08-20,0.13936259
2012-08-21,0.12874515
2012-08-22,0.12135568
2012-08-23,0.118373334
2012-08-24,0.11624952
2012-08-27,0.10024904
2012-08-28,0.09740378
2012-08-29,0.09503411
2012-08-30,0.092994936
2012-08-31,0.095850274
2012-09-04,0.080373935
2012-09-05,0.07399519
2012-09-06,0.07159439
2012-09-07,0.0814337
2012-09-10,0.09106993
2012-09-11,0.101539254
2012-09-12,0.104246974
2012-09-13,0.104654156
2012-09-14,0.10921455
2012-09-17,0.11271732
2012-09-18,0.11720473
2012-09-19,0.11841933
2012-09-20,0.11748767
2012-09-21,0.11816803
2012-09-24,0.11563102
2012-09-25,0.11514055
2012-09-26,0.12218787
2012-09-27,0.12695028
2012-09-28,0.12972622
2012-10-01,0.1313316
2012-10-02,0.1309485
2012-10-03,0.12964767
2012-10-04,0.12657264
2012-10-05,0.11520089
2012-10-08,0.11035563
2012-10-09,0.10736431
2012-10-10,0.1141082
2012-10-11,0.11772886
2012-10-12,0.10589691
2012-10-15,0.09845935
2012-10-16,0.09584118
2012-10-17,0.09902227
2012-10-18,0.101947986
2012-10-19,0.105213955
2012-10-22,0.12020801
2012-10-23,0.12465185
2012-10-24,0.13194475
2012-10-25,0.13125595
2012-10-26,0.12623888
2012-10-31,0.124616995
2012-11-01,0.12365924
2012-11-02,0.12468833
2012-11-05,0.12823077
2012-11-06,0.12748423
2012-11-07,0.12738016
2012-11-08,0.13877566
2012-11-09,0.14392367
2012-11-12,0.14361745
2012-11-13,0.14316246
2012-11-14,0.1446562
2012-11-15,0.14538933
2012-11-16,0.13905716
2012-11-19,0.13498402
2012-11-20,0.14276806
2012-11-21,0.14144601
2012-11-23,0.14073281
2012-11-26,0.13706678
2012-11-27,0.13600898
2012-11-28,0.13515069
2012-11-29,0.13469365
2012-11-30,0.13455993
2012-12-03,0.13252309
2012-12-04,0.13045587
2012-12-05,0.12873188
2012-12-06,0.1257902
2012-12-07,0.11268842
2012-12-10,0.10068032
2012-12-11,0.09628581
2012-12-12,0.095069386
2012-12-13,0.093370676
2012-12-14,0.089160785
2012-12-17,0.08906502
2012-12-18,0.08981186
2012-12-19,0.078552276
2012-12-20,0.076856025
2012-12-21,0.07598674
2012-12-24,0.07751215
2012-12-26,0.07749313
2012-12-27,0.077561654
2012-12-28,0.07626135
2012-12-31,0.07622278
2013-01-02,0.081948526
2013-01-03,0.0969654
2013-01-04,0.11215896
2013-01-07,0.118846714
2013-01-08,0.12198484
2013-01-09,0.123096466
2013-01-10,0.12299661
2013-01-11,0.123108335
2013-01-14,0.12420459
2013-01-15,0.12345694
2013-01-16,0.12329006
2013-01-17,0.12129873
2013-01-18,0.11829831
2013-01-22,0.116925195
2013-01-23,0.11638902
2013-01-24,0.11419985
2013-01-25,0.11392917
2013-01-28,0.112261176
2013-01-29,0.11292872
2013-01-30,0.11148212
2013-01-31,0.104171716
2013-02-01,0.08009652
2013-02-04,0.06780823
2013-02-05,0.073568314
2013-02-06,0.07656245
2013-02-07,0.07990743
2013-02-08,0.080533996
2013-02-11,0.07975404
2013-02-12,0.08005165
2013-02-13,0.08128777
2013-02-14,0.0804929
2013-02-15,0.07960269
2013-02-19,0.07789735
2013-02-20,0.07711918
2013-02-21,0.0826026
2013-02-22,0.086252116
2013-02-25,0.08637167
2013-02-26,0.10192919
2013-02-27,0.10901177
2013-02-28,0.11409099
2013-03-01,0.11898352
2013-03-04,0.11902185
2013-03-05,0.11682367
2013-03-06,0.11070055
2013-03-07,0.1079123
2013-03-08,0.10609182
2013-03-11,0.105284564
2013-03-12,0.10281954
2013-03-13,0.10375886
2013-03-14,0.10415495
2013-03-15,0.10291493
2013-03-18,0.10385066
2013-03-19,0.10558576
2013-03-20,0.10685457
2013-03-21,0.10438353
2013-03-22,0.105544776
2013-03-25,0.10322122
2013-03-26,0.092516504
2013-03-27,0.08658861
2013-03-28,0.08001077
2013-04-01,0.07678647
2013-04-02,0.07932801
2013-04-03,0.078717515
2013-04-04,0.08163136
2013-04-05,0.081368126
2013-04-08,0.08504753
2013-04-09,0.085147746
2013-04-10,0.08486133
2013-04-11,0.089795455
2013-04-12,0.094701715
2013-04-15,0.10021484
2013-04-16,0.11330749
2013-04-17,0.12080239
2013-04-18,0.1350371
2013-04-19,0.14227831
2013-04-22,0.1423463
2013-04-23,0.14340119
2013-04-24,0.14380465
2013-04-25,0.14242765
2013-04-26,0.14191458
2013-04-29,0.14252947
2013-04-30,0.13950309
2013-05-01,0.13927846
2013-05-02,0.1404073
2013-05-03,0.13953127
2013-05-06,0.13858396
2013-05-07,0.13779329
2013-05-08,0.1378928
2013-05-09,0.13364294
2013-05-10,0.13200589
2013-05-13,0.1285253
2013-05-14,0.11716136
2013-05-15,0.106147915
2013-05-16,0.090648055
2013-05-17,0.081131324
2013-05-20,0.07583464
2013-05-21,0.074180275
2013-05-22,0.07388216
2013-05-23,0.07975255
2013-05-24,0.08433834
2013-05-28,0.085311316
2013-05-29,0.08382405
2013-05-30,0.085177936
2013-05-31,0.08168669
2013-06-03,0.08756485
2013-06-04,0.08655475
2013-06-05,0.089019366
2013-06-06,0.101414986
2013-06-07,0.10300702
2013-06-10,0.103798956
2013-06-11,0.10614866
2013-06-12,0.11379718
2013-06-13,0.1156877
2013-06-14,0.11643877
2013-06-17,0.1224754
2013-06-18,0.12226915
2013-06-19,0.12169528
2013-06-20,0.1303333
2013-06-21,0.15664342
2013-06-24,0.16564287
2013-06-25,0.17515253
2013-06-26,0.17875446
2013-06-27,0.1751052
2013-06-28,0.17297062
2013-07-01,0.17060937
2013-07-02,0.16732998
2013-07-03,0.16715638
2013-07-05,0.16388214
2013-07-08,0.15934004
2013-07-09,0.15583444
2013-07-10,0.1553992
2013-07-11,0.15330473
2013-07-12,0.15958756
2013-07-15,0.16230199
2013-07-16,0.16173078
2013-07-17,0.16056056
2013-07-18,0.1582257
2013-07-19,0.14913158
2013-07-22,0.12215227
2013-07-23,0.10946352
2013-07-24,0.095949784
2013-07-25,0.089921705
2013-07-26,0.087560125
2013-07-29,0.085045114
2013-07-30,0.08730331
2013-07-31,0.08767478
2013-08-01,0.08797791
2013-08-02,0.0890102
2013-08-05,0.08972582
2013-08-06,0.09108822
2013-08-07,0.094111055
2013-08-08,0.0969421
2013-08-09,0.07792366
2013-08-12,0.07102881
2013-08-13,0.066591665
2013-08-14,0.064368896
2013-08-15,0.06478992
2013-08-16,0.07321238
2013-08-19,0.07504739
2013-08-20,0.07668442
2013-08-21,0.07896677
2013-08-22,0.08724942
2013-08-23,0.09253661
2013-08-26,0.09249797
2013-08-27,0.092956915
2013-08-28,0.10456449
2013-08-29,0.10824711
2013-08-30,0.10242337
2013-09-03,0.10055144
2013-09-04,0.10184987
2013-09-05,0.10527408
2013-09-06,0.106960915
2013-09-09,0.10792335
2013-09-10,0.10947853
2013-09-11,0.11092091
2013-09-12,0.11124247
2013-09-13,0.11273173
2013-09-16,0.10728344
2013-09-17,0.10408136
2013-09-18,0.10060395
2013-09-19,0.10600516
2013-09-20,0.10567174
2013-09-23,0.10873283
2013-09-24,0.110305
2013-09-25,0.110384196
2013-09-26,0.102665864
2013-09-27,0.09921714
2013-09-30,0.09976435
2013-10-01,0.10166691
2013-10-02,0.10155568
2013-10-03,0.09993409
2013-10-04,0.103368044
2013-10-07,0.10261557
2013-10-08,0.10389866
2013-10-09,0.10710079
2013-10-10,0.10649876
2013-10-11,0.11339493
2013-10-14,0.11820439
2013-10-15,0.120600834
2013-10-16,0.12360167
2013-10-17,0.11450073
2013-10-18,0.11111545
2013-10-21,0.10899374
2013-10-22,0.10953646
2013-10-23,0.10885906
2013-10-24,0.111098595
2013-10-25,0.11018792
2013-10-28,0.109678656
2013-10-29,0.10722999
2013-10-30,0.10425653
2013-10-31,0.10386929
2013-11-01,0.103778444
2013-11-04,0.102302805
2013-11-05,0.0981823
2013-11-06,0.095098846
2013-11-07,0.09259622
2013-11-08,0.09429178
2013-11-11,0.09345671
2013-11-12,0.09405605
2013-11-13,0.094121404
2013-11-14,0.090585575
2013-11-15,0.08713723
2013-11-18,0.08620896
2013-11-19,0.088283725
2013-11-20,0.08920085
2013-11-21,0.08911415
2013-11-22,0.08678763
2013-11-25,0.085744016
2013-11-26,0.08652722
2013-11-27,0.08607115
2013-11-29,0.085571416
2013-12-02,0.08420174
2013-12-03,0.08701627
2013-12-04,0.08911953
2013-12-05,0.088569365
2013-12-06,0.088019475
2013-12-09,0.08081176
2013-12-10,0.07636518
2013-12-11,0.075650446
2013-12-12,0.08425116
2013-12-13,0.087941535
2013-12-16,0.08858416
2013-12-17,0.08565027
2013-12-18,0.08601903
2013-12-19,0.09136454
2013-12-20,0.097066924
2013-12-23,0.09841007
2013-12-24,0.100405335
2013-12-26,0.101787984
2013-12-27,0.10050893
2013-12-30,0.099235736
2013-12-31,0.098875195
2014-01-02,0.09794187
2014-01-03,0.11312674
2014-01-06,0.11737178
2014-01-07,0.11775434
2014-01-08,0.113286495
2014-01-09,0.11145756
2014-01-10,0.10999428
2014-01-13,0.103626005
2014-01-14,0.106646314
2014-01-15,0.10911612
2014-01-16,0.109189816
2014-01-17,0.10918772
2014-01-21,0.10525323
2014-01-22,0.10074279
2014-01-23,0.09823299
2014-01-24,0.102856316
2014-01-27,0.12518853
2014-01-28,0.14531417
2014-01-29,0.13800818
2014-01-30,0.13453797
2014-01-31,0.13037208
2014-02-03,0.12279984
2014-02-04,0.13672648
2014-02-05,0.14074548
2014-02-06,0.14099696
2014-02-07,0.14432684
2014-02-10,0.14892672
2014-02-11,0.15174535
2014-02-12,0.15255511
2014-02-13,0.15004902
2014-02-14,0.14864679
2014-02-18,0.14780675
2014-02-19,0.14621367
2014-02-20,0.14822605
2014-02-21,0.14767039
2014-02-24,0.14262104
2014-02-25,0.12797098
2014-02-26,0.11930782
2014-02-27,0.11306859
2014-02-28,0.1089432
2014-03-03,0.105018
2014-03-04,0.106454745
2014-03-05,0.09377518
2014-03-06,0.08776078
2014-03-07,0.08454127
2014-03-10,0.082712
2014-03-11,0.08103469
2014-03-12,0.08240773
2014-03-13,0.07965212
2014-03-14,0.09164554
2014-03-17,0.09670594
2014-03-18,0.0957893
2014-03-19,0.094694614
2014-03-20,0.098165154
2014-03-21,0.0981175
2014-03-24,0.09968308
2014-03-25,0.10058951
2014-03-26,0.09970559
2014-03-27,0.102218755
2014-03-28,0.10177736
2014-03-31,0.09984938
2014-04-01,0.09688495
2014-04-02,0.09251989
2014-04-03,0.09154333
2014-04-04,0.09198543
2014-04-07,0.0973298
2014-04-08,0.10229983
2014-04-09,0.10358666
2014-04-10,0.10405385
2014-04-11,0.11549707
2014-04-14,0.12389682
2014-04-15,0.12315973
2014-04-16,0.11872777
2014-04-17,0.116421476
2014-04-21,0.11649607
2014-04-22,0.11542021
2014-04-23,0.11456444
2014-04-24,0.11570011
2014-04-25,0.11581831
2014-04-28,0.121933654
2014-04-29,0.12188777
2014-04-30,0.120852344
2014-05-01,0.11851022
2014-05-02,0.11846356
2014-05-05,0.11866703
2014-05-06,0.11350369
2014-05-07,0.10978991
2014-05-08,0.10566656
2014-05-09,0.09845187
2014-05-12,0.08393493
2014-05-13,0.075778924
2014-05-14,0.07313204
2014-05-15,0.074213184
2014-05-16,0.078164935
2014-05-19,0.075972274
2014-05-20,0.074081115
2014-05-21,0.07849103
2014-05-22,0.07827417
2014-05-23,0.07999618
2014-05-27,0.075121514
2014-05-28,0.07275462
2014-05-29,0.07254486
2014-05-30,0.072179325
2014-06-02,0.073377356
2014-06-03,0.073925525
2014-06-04,0.07530179
2014-06-05,0.073574804
2014-06-06,0.07180508
2014-06-09,0.070842676
2014-06-10,0.06895971
2014-06-11,0.06541916
2014-06-12,0.06465859
2014-06-13,0.06701938
2014-06-16,0.06660865
2014-06-17,0.06498593
2014-06-18,0.06301479
2014-06-19,0.05893167
2014-06-20,0.055056445
2014-06-23,0.05483777
2014-06-24,0.053932786
2014-06-25,0.05328223
2014-06-26,0.05228694
2014-06-27,0.05118954
2014-06-30,0.050985284
2014-07-01,0.05346735
2014-07-02,0.05375374
2014-07-03,0.054650318
2014-07-07,0.054429173
2014-07-08,0.057941303
2014-07-09,0.06318357
2014-07-10,0.06417709
2014-07-11,0.06690299
2014-07-14,0.06541092
2014-07-15,0.06388128
2014-07-16,0.06484644
2014-07-17,0.06451667
2014-07-18,0.072624736
2014-07-21,0.079868175
2014-07-22,0.084271766
2014-07-23,0.08422872
2014-07-24,0.08548998
2014-07-25,0.08663028
2014-07-28,0.0882664
2014-07-29,0.08774916
2014-07-30,0.08842604
2014-07-31,0.08637981
2014-08-01,0.09971522
2014-08-04,0.103709035
2014-08-05,0.10305189
2014-08-06,0.106537975
2014-08-07,0.107060574
2014-08-08,0.1077009
2014-08-11,0.108093046
2014-08-12,0.10792558
2014-08-13,0.108044505
2014-08-14,0.108364575
2014-08-15,0.10347295
2014-08-18,0.09846575
2014-08-19,0.09562959
2014-08-20,0.09287202
2014-08-21,0.09305435
2014-08-22,0.0930928
2014-08-25,0.09309691
2014-08-26,0.09254558
2014-08-27,0.092403464
2014-08-28,0.0905403
2014-08-29,0.07498673
2014-09-02,0.06935292
2014-09-03,0.06571329
2014-09-04,0.058047023
2014-09-05,0.054109007
2014-09-08,0.050167143
2014-09-09,0.04872505
2014-09-10,0.051872365
2014-09-11,0.053685423
2014-09-12,0.053857088
2014-09-15,0.055437475
2014-09-16,0.05920817
2014-09-17,0.057766147
2014-09-18,0.057899326
2014-09-19,0.057131976
2014-09-22,0.059762184
2014-09-23,0.0662961
2014-09-24,0.06901435
2014-09-25,0.06897935
2014-09-26,0.08621979
2014-09-29,0.09048199
2014-09-30,0.094939776
2014-10-01,0.09777963
2014-10-02,0.11311648
2014-10-03,0.11498727
2014-10-06,0.113996
2014-10-07,0.114858225
2014-10-08,0.12172729
2014-10-09,0.1258337
2014-10-10,0.1386895
2014-10-13,0.14992765
2014-10-14,0.15808575
2014-10-15,0.15428613
2014-10-16,0.15039113
2014-10-17,0.14836557
2014-10-20,0.14848559
2014-10-21,0.15093438
2014-10-22,0.15783241
2014-10-23,0.1594256
2014-10-24,0.15713023
2014-10-27,0.15338814
2014-10-28,0.15051152
2014-10-29,0.14970961
2014-10-30,0.14416862
2014-10-31,0.14133176
2014-11-03,0.14139856
2014-11-04,0.13993528
2014-11-05,0.13535282
2014-11-06,0.12765966
2014-11-07,0.112319626
2014-11-10,0.09767739
2014-11-11,0.08544846
2014-11-12,0.0815569
2014-11-13,0.07757445
2014-11-14,0.074773006
2014-11-17,0.073990226
2014-11-18,0.073375866
2014-11-19,0.06782499
2014-11-20,0.066416174
2014-11-21,0.06382472
2014-11-24,0.06277987
2014-11-25,0.061236665
2014-11-26,0.05812818
2014-11-28,0.056743972
2014-12-01,0.05808822
2014-12-02,0.061221786
2014-12-03,0.0623504
2014-12-04,0.060143523
2014-12-05,0.059321992
2014-12-08,0.060273536
2014-12-09,0.06280478
2014-12-10,0.06458118
2014-12-11,0.081242286
2014-12-12,0.084509656
2014-12-15,0.09588838
2014-12-16,0.10009066
2014-12-17,0.102323234
2014-12-18,0.10811881
2014-12-19,0.112639144
2014-12-22,0.11614886
2014-12-23,0.11667306
2014-12-24,0.11768916
2014-12-26,0.117087744
2014-12-29,0.11823012
2014-12-30,0.117644444
2014-12-31,0.11654094
2015-01-02,0.115826204
2015-01-05,0.11502975
2015-01-06,0.123111546
2015-01-07,0.12703602
2015-01-08,0.12822063
2015-01-09,0.13275963
2015-01-12,0.13051361
2015-01-13,0.12931702
2015-01-14,0.124511376
2015-01-15,0.12367456
2015-01-16,0.1268004
2015-01-20,0.12639515
2015-01-21,0.11935413
2015-01-22,0.11707522
2015-01-23,0.12076233
2015-01-26,0.12380375
2015-01-27,0.12443695
2015-01-28,0.12919782
2015-01-29,0.13304539
2015-01-30,0.13361306
2015-02-02,0.13996997
2015-02-03,0.14253046
2015-02-04,0.13709246
2015-02-05,0.13374065
2015-02-06,0.12691176
2015-02-09,0.1211746
2015-02-10,0.11819339
2015-02-11,0.11530116
2015-02-12,0.11588268
2015-02-13,0.11592467
2015-02-17,0.115152225
2015-02-18,0.11430099
2015-02-19,0.113932565
2015-02-20,0.113032594
2015-02-23,0.10831706
2015-02-24,0.10654073
2015-02-25,0.10637582
2015-02-26,0.10044514
2015-02-27,0.09558352
2015-03-02,0.09311854
2015-03-03,0.08245467
2015-03-04,0.074441664
2015-03-05,0.07095489
2015-03-06,0.069644734
2015-03-09,0.073205166
2015-03-10,0.07224996
2015-03-11,0.08682963
2015-03-12,0.09025742
2015-03-13,0.093732275
2015-03-16,0.09659408
2015-03-17,0.10000095
2015-03-18,0.103013024
2015-03-19,0.10768884
2015-03-20,0.11358909
2015-03-23,0.11509739
2015-03-24,0.1157036
2015-03-25,0.11577816
2015-03-26,0.123355106
2015-03-27,0.1258925
2015-03-30,0.1253857
2015-03-31,0.12426149
2015-04-01,0.12748973
2015-04-02,0.1277979
2015-04-06,0.12757124
2015-04-07,0.12357514
2015-04-08,0.12317994
2015-04-09,0.1129825
2015-04-10,0.108888626
2015-04-13,0.10418548
2015-04-14,0.10264952
2015-04-15,0.09654528
2015-04-16,0.09346682
2015-04-17,0.08970502
2015-04-20,0.093528196
2015-04-21,0.092430435
2015-04-22,0.092569485
2015-04-23,0.09307447
2015-04-24,0.08836941
2015-04-27,0.084984556
2015-04-28,0.08475036
2015-04-29,0.082927346
2015-04-30,0.08257826
2015-05-01,0.089524984
2015-05-04,0.089961044
2015-05-05,0.09007011
2015-05-06,0.098995686
2015-05-07,0.10349934
2015-05-08,0.1029883
2015-05-11,0.10203858
2015-05-12,0.10653497
2015-05-13,0.108429864
2015-05-14,0.108013175
2015-05-15,0.10878415
2015-05-18,0.10828102
2015-05-19,0.10328928
2015-05-20,0.099957876
2015-05-21,0.09708918
2015-05-22,0.09472638
2015-05-26,0.09452559
2015-05-27,0.100233994
2015-05-28,0.09984348
2015-05-29,0.09870985
2015-06-01,0.09690065
2015-06-02,0.09268316
2015-06-03,0.09075466
2015-06-04,0.083380885
2015-06-05,0.08399458
2015-06-08,0.08711415
2015-06-09,0.0855629
2015-06-10,0.080895066
2015-06-11,0.08189267
2015-06-12,0.086308315
2015-06-15,0.08606934
2015-06-16,0.09083757
2015-06-17,0.086147726
2015-06-18,0.08501219
2015-06-19,0.089313924
2015-06-22,0.093449995
2015-06-23,0.09359908
2015-06-24,0.09025835
2015-06-25,0.09083589
2015-06-26,0.091291815
2015-06-29,0.09009689
2015-06-30,0.11505559
2015-07-01,0.12046205
2015-07-02,0.12123782
2015-07-06,0.11757211
2015-07-07,0.12829289
2015-07-08,0.1287812
2015-07-09,0.15813573
2015-07-10,0.16180989
2015-07-13,0.15174021
2015-07-14,0.14316833
2015-07-15,0.13969035
2015-07-16,0.13933776
2015-07-17,0.14096352
2015-07-20,0.14027037
2015-07-21,0.14006352
2015-07-22,0.1373979
2015-07-23,0.1370716
2015-07-24,0.13684535
2015-07-27,0.1404551
2015-07-28,0.14280148
2015-07-29,0.1372406
2015-07-30,0.13437332
2015-07-31,0.13300802
2015-08-03,0.13004439
2015-08-04,0.12354344
2015-08-05,0.120793685
2015-08-06,0.104960635
2015-08-07,0.10317667
2015-08-10,0.09517357
2015-08-11,0.090887345
2015-08-12,0.10014473
2015-08-13,0.104398385
2015-08-14,0.1029502
2015-08-17,0.10110827
2015-08-18,0.10005991
2015-08-19,0.103252575
2015-08-20,0.11242995
2015-08-21,0.13507336
2015-08-24,0.17499466
2015-08-25,0.2358738
2015-08-26,0.24468546
2015-08-27,0.2338254
2015-08-28,0.23204346
2015-08-31,0.23205478
2015-09-01,0.23678638
2015-09-02,0.2505857
2015-09-03,0.26334435
2015-09-04,0.2700367
2015-09-08,0.2763539
2015-09-09,0.2849195
2015-09-10,0.28529862
2015-09-11,0.28707668
2015-09-14,0.2784647
2015-09-15,0.27891567
2015-09-16,0.28127202
2015-09-17,0.276276
2015-09-18,0.27192962
2015-09-21,0.26447034
2015-09-22,0.24730484
2015-09-23,0.22925024
2015-09-24,0.22360761
2015-09-25,0.20378113
2015-09-28,0.18473282
2015-09-29,0.18793
2015-09-30,0.18885492
2015-10-01,0.1882808
2015-10-02,0.18502913
2015-10-05,0.18609104
2015-10-06,0.18574174
2015-10-07,0.176401
2015-10-08,0.17316754
2015-10-09,0.1714874
2015-10-12,0.17183423
2015-10-13,0.17075516
2015-10-14,0.17071049
2015-10-15,0.16675545
2015-10-16,0.16840245
2015-10-19,0.16337062
2015-10-20,0.1612057
2015-10-21,0.15407072
2015-10-22,0.15130198
2015-10-23,0.14998372
2015-10-26,0.14966123
2015-10-27,0.13480754
2015-10-28,0.12837745
2015-10-29,0.11701787
2015-10-30,0.11329423
2015-11-02,0.11043512
2015-11-03,0.105929196
2015-11-04,0.10388565
2015-11-05,0.10422132
2015-11-06,0.10383527
2015-11-09,0.106420465
2015-11-10,0.11455585
2015-11-11,0.11649835
2015-11-12,0.11628859
2015-11-13,0.112709016
2015-11-16,0.117204286
2015-11-17,0.12071267
2015-11-18,0.12332231
2015-11-19,0.12594554
2015-11-20,0.1226645
2015-11-23,0.117142126
2015-11-24,0.114820495
2015-11-25,0.113709114
2015-11-27,0.112973236
2015-11-30,0.113203324
2015-12-01,0.11474231
2015-12-02,0.11096123
2015-12-03,0.11387345
2015-12-04,0.11979674
2015-12-07,0.12448446
2015-12-08,0.1299419
2015-12-09,0.1320421
2015-12-10,0.13509783
2015-12-11,0.13407557
2015-12-14,0.14418079
2015-12-15,0.14434484
2015-12-16,0.13957241
2015-12-17,0.14208661
2015-12-18,0.14950176
2015-12-21,0.15665863
2015-12-22,0.15743805
2015-12-23,0.15881456
2015-12-24,0.16086134
2015-12-28,0.16300379
2015-12-29,0.16490163
2015-12-30,0.16468127
2015-12-31,0.16332538
2016-01-04,0.16361237
2016-01-05,0.16932113
2016-01-06,0.16279158
2016-01-07,0.16079682
2016-01-08,0.16988145
2016-01-11,0.17400423
2016-01-12,0.17213345
2016-01-13,0.16834596
2016-01-14,0.17498814
2016-01-15,0.17753617
2016-01-19,0.18571185
2016-01-20,0.18732174
2016-01-21,0.19485568
2016-01-22,0.19458927
2016-01-25,0.20435031
2016-01-26,0.20840089
2016-01-27,0.21378195
2016-01-28,0.21902321
2016-01-29,0.22021948
2016-02-01,0.22685784
2016-02-02,0.23107311
2016-02-03,0.23125191
2016-02-04,0.22818492
2016-02-05,0.22444691
2016-02-08,0.22118606
2016-02-09,0.21923223
2016-02-10,0.2167268
2016-02-11,0.21421143
2016-02-12,0.21403456
2016-02-16,0.20823972
2016-02-17,0.20171152
2016-02-18,0.19683619
2016-02-19,0.19583243
2016-02-22,0.19462863
2016-02-23,0.18449216
2016-02-24,0.18526313
2016-02-25,0.1816311
2016-02-26,0.17653091
2016-02-29,0.17608042
2016-03-01,0.17022483
2016-03-02,0.17646226
2016-03-03,0.17251027
2016-03-04,0.17010468
2016-03-07,0.16767704
2016-03-08,0.15903915
2016-03-09,0.15699898
2016-03-10,0.15381287
2016-03-11,0.1527911
2016-03-14,0.1504182
2016-03-15,0.14981891
2016-03-16,0.14797454
2016-03-17,0.14410298
2016-03-18,0.14204891
2016-03-21,0.14063941
2016-03-22,0.1378154
2016-03-23,0.12802134
2016-03-24,0.12939821
2016-03-28,0.12887721
2016-03-29,0.12673992
2016-03-30,0.124629155
2016-03-31,0.110988565
2016-04-01,0.10741696
2016-04-04,0.10555772
2016-04-05,0.10548459
2016-04-06,0.11139759
2016-04-07,0.10945329
2016-04-08,0.11778636
2016-04-11,0.12068005
2016-04-12,0.1154096
2016-04-13,0.112822294
2016-04-14,0.11231068
2016-04-15,0.11316238
2016-04-18,0.11342724
2016-04-19,0.11304337
2016-04-20,0.11368256
2016-04-21,0.11550845
2016-04-22,0.114708334
2016-04-25,0.11605833
2016-04-26,0.11581578
2016-04-27,0.10988911
2016-04-28,0.105959624
2016-04-29,0.108721346
2016-05-02,0.11191635
2016-05-03,0.11177411
2016-05-04,0.11351665
2016-05-05,0.111907676
2016-05-06,0.10497221
2016-05-09,0.10009137
2016-05-10,0.09889091
2016-05-11,0.10053056
2016-05-12,0.100478806
2016-05-13,0.10004876
2016-05-16,0.102534235
2016-05-17,0.10249075
2016-05-18,0.10435647
2016-05-19,0.10460428
2016-05-20,0.10508107
2016-05-23,0.105348915
2016-05-24,0.10614181
2016-05-25,0.10717821
2016-05-26,0.110448755
2016-05-27,0.11124565
2016-05-31,0.11021528
2016-06-01,0.1076846
2016-06-02,0.1012386
2016-06-03,0.094605155
2016-06-06,0.0924265
2016-06-07,0.09172026
2016-06-08,0.09188653
2016-06-09,0.08756636
2016-06-10,0.08437421
2016-06-13,0.08951857
2016-06-14,0.09424427
2016-06-15,0.09418476
2016-06-16,0.09059238
2016-06-17,0.089407034
2016-06-20,0.08979396
2016-06-21,0.09112241
2016-06-22,0.09178721
2016-06-23,0.09087371
2016-06-24,0.09214652
2016-06-27,0.17328592
2016-06-28,0.20779024
2016-06-29,0.21498667
2016-06-30,0.22045362
2016-07-01,0.22500579
2016-07-05,0.22716919
2016-07-06,0.23007052
2016-07-07,0.22957973
2016-07-08,0.22991319
2016-07-11,0.23114371
2016-07-12,0.22884847
2016-07-13,0.22141136
2016-07-14,0.21951647
2016-07-15,0.21803094
2016-07-18,0.21896692
2016-07-19,0.21853475
2016-07-20,0.21626282
2016-07-21,0.21309143
2016-07-22,0.20931353
2016-07-25,0.20094702
2016-07-26,0.15908875
2016-07-27,0.12706748
2016-07-28,0.10466568
2016-07-29,0.08844839
2016-08-01,0.07846155
2016-08-02,0.07429804
2016-08-03,0.07202528
2016-08-04,0.07237848
2016-08-05,0.07271713
2016-08-08,0.069369346
2016-08-09,0.0695382
2016-08-10,0.06937176
2016-08-11,0.06995951
2016-08-12,0.068035856
2016-08-15,0.06875793
2016-08-16,0.06884457
2016-08-17,0.0701055
2016-08-18,0.07030549
2016-08-19,0.0694524
2016-08-22,0.07017599
2016-08-23,0.06969724
2016-08-24,0.06870247
2016-08-25,0.07048237
2016-08-26,0.070283495
2016-08-29,0.0712041
2016-08-30,0.07102528
2016-08-31,0.069143936
2016-09-01,0.068906486
2016-09-02,0.06806655
2016-09-06,0.06386461
2016-09-07,0.06515704
2016-09-08,0.06882362
2016-09-09,0.07466727
2016-09-12,0.10748945
2016-09-13,0.11306068
2016-09-14,0.1305531
2016-09-15,0.13310416
2016-09-16,0.1330718
2016-09-19,0.13509011
2016-09-20,0.13595913
2016-09-21,0.13606653
2016-09-22,0.13972305
2016-09-23,0.14203367
2016-09-26,0.14716054
2016-09-27,0.15154901
2016-09-28,0.15138598
2016-09-29,0.149868
2016-09-30,0.15375067
2016-10-03,0.15234798
2016-10-04,0.15109035
2016-10-05,0.14875896
2016-10-06,0.14502275
2016-10-07,0.1405921
2016-10-10,0.12667371
2016-10-11,0.114939675
2016-10-12,0.12008543
2016-10-13,0.12101403
2016-10-14,0.11923852
2016-10-17,0.11798753
2016-10-18,0.11863837
2016-10-19,0.11804698
2016-10-20,0.11343546
2016-10-21,0.11091085
2016-10-24,0.10832954
2016-10-25,0.104838595
2016-10-26,0.100642145
2016-10-27,0.10023808
2016-10-28,0.09710169
2016-10-31,0.093511604
2016-11-01,0.09152447
2016-11-02,0.09246587
2016-11-03,0.092516154
2016-11-04,0.09181888
2016-11-07,0.09063099
2016-11-08,0.09981299
2016-11-09,0.09732762
2016-11-10,0.10682416
2016-11-11,0.10709943
2016-11-14,0.105282046
2016-11-15,0.10506259
2016-11-16,0.1034979
2016-11-17,0.10362237
2016-11-18,0.10349237
2016-11-21,0.10505216
2016-11-22,0.105739035
2016-11-23,0.10774112
2016-11-25,0.10753054
2016-11-28,0.10693429
2016-11-29,0.1089218
2016-11-30,0.109557495
2016-12-01,0.107457325
2016-12-02,0.10526209
2016-12-05,0.10139136
2016-12-06,0.097523294
2016-12-07,0.08357791
2016-12-08,0.07902054
2016-12-09,0.07623813
2016-12-12,0.074907534
2016-12-13,0.07642092
2016-12-14,0.07688195
2016-12-15,0.084589586
2016-12-16,0.08726654
2016-12-19,0.0897964
2016-12-20,0.08990032
2016-12-21,0.08892328
2016-12-22,0.08760924
2016-12-23,0.08738035
2016-12-27,0.08631952
2016-12-28,0.085813455
2016-12-29,0.08635018
2016-12-30,0.08518226
2017-01-03,0.08454192
2017-01-04,0.08464023
2017-01-05,0.08492253
2017-01-06,0.08372834
2017-01-09,0.076694936
2017-01-10,0.07452384
2017-01-11,0.07195091
2017-01-12,0.0727377
2017-01-13,0.07343244
2017-01-17,0.067043
2017-01-18,0.0648819
2017-01-19,0.063696586
2017-01-20,0.06458185
2017-01-23,0.06424911
2017-01-24,0.0646258
2017-01-25,0.06307766
2017-01-26,0.064067446
2017-01-27,0.06725207
2017-01-30,0.06698237
2017-01-31,0.06923169
2017-02-01,0.06710539
2017-02-02,0.063875005
2017-02-03,0.060740635
2017-02-06,0.05849373
2017-02-07,0.060024496
2017-02-08,0.060815465
2017-02-09,0.06079884
2017-02-10,0.058584467
2017-02-13,0.05785071
2017-02-14,0.057604246
2017-02-15,0.0582017
2017-02-16,0.058909237
2017-02-17,0.060414836
2017-02-21,0.060412288
2017-02-22,0.060485475
2017-02-23,0.061444707
2017-02-24,0.059461392
2017-02-27,0.059318587
2017-02-28,0.05893421
2017-03-01,0.057400223
2017-03-02,0.059262104
2017-03-03,0.0674459
2017-03-06,0.07142014
2017-03-07,0.07210753
2017-03-08,0.07140854
2017-03-09,0.07129121
2017-03-10,0.07068029
2017-03-13,0.072374314
2017-03-14,0.07303237
2017-03-15,0.073888235
2017-03-16,0.076068364
2017-03-17,0.08018375
2017-03-20,0.08194632
2017-03-21,0.08199835
2017-03-22,0.08975764
2017-03-23,0.08941232
2017-03-24,0.08862924
2017-03-27,0.08750151
2017-03-28,0.08740683
2017-03-29,0.08649108
2017-03-30,0.08259853
2017-03-31,0.078187495
2017-04-03,0.077817954
2017-04-04,0.07744873
2017-04-05,0.07645877
2017-04-06,0.07778098
2017-04-07,0.07685025
2017-04-10,0.07532629
2017-04-11,0.073865615
2017-04-12,0.072431475
2017-04-13,0.063502476
2017-04-17,0.05930986
2017-04-18,0.05796107
2017-04-19,0.060243547
2017-04-20,0.058457267
2017-04-21,0.05989673
2017-04-24,0.06259577
2017-04-25,0.06671685
2017-04-26,0.07244849
2017-04-27,0.07694688
2017-04-28,0.07875563
2017-05-01,0.07986728
2017-05-02,0.079727866
2017-05-03,0.080142274
2017-05-04,0.08147859
2017-05-05,0.08039832
2017-05-08,0.07985651
2017-05-09,0.07932359
2017-05-10,0.078541026
2017-05-11,0.077736214
2017-05-12,0.07660585
2017-05-15,0.07492786
2017-05-16,0.07264179
2017-05-17,0.06963462
2017-05-18,0.08524161
2017-05-19,0.08888325
2017-05-22,0.089712754
2017-05-23,0.08613912
2017-05-24,0.08380599
2017-05-25,0.08278566
2017-05-26,0.08247146
2017-05-30,0.08300234
2017-05-31,0.08544406
2017-06-01,0.08596976
2017-06-02,0.0832144
2017-06-05,0.08435142
2017-06-06,0.08719045
2017-06-07,0.0880811
2017-06-08,0.08722783
2017-06-09,0.085681476
2017-06-12,0.08932885
2017-06-13,0.09213518
2017-06-14,0.09188708
2017-06-15,0.09320684
2017-06-16,0.085150965
2017-06-19,0.07966319
2017-06-20,0.07566393
2017-06-21,0.079094455
2017-06-22,0.079989545
2017-06-23,0.07977428
2017-06-26,0.07721508
2017-06-27,0.0765051
2017-06-28,0.082284644
2017-06-29,0.08238466
2017-06-30,0.091129065
2017-07-03,0.089423575
2017-07-05,0.08723435
2017-07-06,0.08620063
2017-07-07,0.09219986
2017-07-10,0.09121587
2017-07-11,0.08956495
2017-07-12,0.08868203
2017-07-13,0.08655699
2017-07-14,0.08813645
2017-07-17,0.08888464
2017-07-18,0.09138466
2017-07-19,0.09034419
2017-07-20,0.08687966
2017-07-21,0.08719096
2017-07-24,0.086582884
2017-07-25,0.08546602
2017-07-26,0.08494024
2017-07-27,0.080829374
2017-07-28,0.07830053
2017-07-31,0.07387455
2017-08-01,0.071967326
2017-08-02,0.0710499
2017-08-03,0.06961381
2017-08-04,0.06928893
2017-08-07,0.06769381
2017-08-08,0.066575244
2017-08-09,0.06802278
2017-08-10,0.0656985
2017-08-11,0.08359349
2017-08-14,0.09392676
2017-08-15,0.09112018
2017-08-16,0.08998772
2017-08-17,0.089172505
2017-08-18,0.101272814
2017-08-21,0.10290414
2017-08-22,0.10310532
2017-08-23,0.1069144
2017-08-24,0.11056288
2017-08-25,0.112705804
2017-08-28,0.11202281
2017-08-29,0.11056653
2017-08-30,0.109606124
2017-08-31,0.1081246
2017-09-01,0.105281316
2017-09-05,0.1053799
2017-09-06,0.11092
2017-09-07,0.110392764
2017-09-08,0.107155256
2017-09-11,0.09809537
2017-09-12,0.09469441
2017-09-13,0.091214545
2017-09-14,0.08985956
2017-09-15,0.08936429
2017-09-18,0.08053979
2017-09-19,0.078847885
2017-09-20,0.07650185
2017-09-21,0.07252743
2017-09-22,0.071200915
2017-09-25,0.07078657
2017-09-26,0.07312424
2017-09-27,0.07350642
2017-09-28,0.07296609
2017-09-29,0.071644664
2017-10-02,0.07115509
2017-10-03,0.0724026
2017-10-04,0.06598542
2017-10-05,0.063261904
2017-10-06,0.0637371
2017-10-09,0.063966185
2017-10-10,0.05877868
2017-10-11,0.05644431
2017-10-12,0.05559109
2017-10-13,0.056804992
2017-10-16,0.056467965
2017-10-17,0.0563832
2017-10-18,0.056757472
2017-10-19,0.05670598
2017-10-20,0.056342192
2017-10-23,0.05684966
2017-10-24,0.055192567
2017-10-25,0.053293377
2017-10-26,0.054416914
2017-10-27,0.05436206
2017-10-30,0.05772739
2017-10-31,0.06338038
2017-11-01,0.066617675
2017-11-02,0.069387466
2017-11-03,0.0717755
2017-11-06,0.07171531
2017-11-07,0.070287675
2017-11-08,0.07153114
2017-11-09,0.07120177
2017-11-10,0.075775795
2017-11-13,0.076670274
2017-11-14,0.079445235
2017-11-15,0.07802563
2017-11-16,0.07770418
2017-11-17,0.07904091
2017-11-20,0.08313194
2017-11-21,0.08354095
2017-11-22,0.08326184
2017-11-24,0.08396779
2017-11-27,0.08205215
2017-11-28,0.08226507
2017-11-29,0.08113398
2017-11-30,0.08369531
2017-12-01,0.08358557
2017-12-04,0.08437718
2017-12-05,0.08457739
2017-12-06,0.08382262
2017-12-07,0.083515175
2017-12-08,0.08278456
2017-12-11,0.08065495
2017-12-12,0.0791007
2017-12-13,0.079660915
2017-12-14,0.08052666
2017-12-15,0.08155427
2017-12-18,0.07550597
2017-12-19,0.07240158
2017-12-20,0.07394806
2017-12-21,0.072370626
2017-12-22,0.07117038
2017-12-26,0.06981645
2017-12-27,0.06706064
2017-12-28,0.062122516
2017-12-29,0.058974117
2018-01-02,0.059542432
2018-01-03,0.06124202
2018-01-04,0.06398466
2018-01-05,0.06557639
2018-01-08,0.06789359
2018-01-09,0.06877981
2018-01-10,0.06902835
2018-01-11,0.071065076
2018-01-12,0.07163543
2018-01-16,0.07310255
2018-01-17,0.07542066
2018-01-18,0.07682145
2018-01-19,0.07735075
2018-01-22,0.07518244
2018-01-23,0.07484195
2018-01-24,0.07390342
2018-01-25,0.073736794
2018-01-26,0.07148595
2018-01-29,0.07216523
2018-01-30,0.07768803
2018-01-31,0.08551995
2018-02-01,0.08577889
2018-02-02,0.08820372
2018-02-05,0.11197439
2018-02-06,0.16114987
2018-02-07,0.20421237
2018-02-08,0.23064071
2018-02-09,0.25879854
2018-02-12,0.2623483
2018-02-13,0.25279588
2018-02-14,0.24705677
2018-02-15,0.2494625
2018-02-16,0.25446373
2018-02-20,0.257532
2018-02-21,0.26091328
2018-02-22,0.26148713
2018-02-23,0.26035637
2018-02-26,0.26292863
2018-02-27,0.25943136
2018-02-28,0.25858292
2018-03-01,0.25597322
2018-03-02,0.2574544
2018-03-05,0.2571743
2018-03-06,0.24832018
2018-03-07,0.2240942
2018-03-08,0.20475896
2018-03-09,0.19058792
2018-03-12,0.16098435
2018-03-13,0.14821282
2018-03-14,0.14486973
2018-03-15,0.14504144
2018-03-16,0.14005119
2018-03-19,0.1339505
2018-03-20,0.14107394
2018-03-21,0.14006674
2018-03-22,0.13944365
2018-03-23,0.15594971
2018-03-26,0.17996849
2018-03-27,0.18941918
2018-03-28,0.19723235
2018-03-29,0.19949308
2018-04-02,0.20127021
2018-04-03,0.21127562
2018-04-04,0.21540482
2018-04-05,0.2155264
2018-04-06,0.21568714
2018-04-09,0.2249418
2018-04-10,0.21933325
2018-04-11,0.22094636
2018-04-12,0.22187468
2018-04-13,0.22212021
2018-04-16,0.22300334
2018-04-17,0.22232156
2018-04-18,0.2152945
2018-04-19,0.21211697
2018-04-20,0.20928435
2018-04-23,0.20487766
2018-04-24,0.18984978
2018-04-25,0.17133425
2018-04-26,0.15330148
2018-04-27,0.14737037
2018-04-30,0.14100794
2018-05-01,0.13421051
2018-05-02,0.12741713
2018-05-03,0.12732705
2018-05-04,0.1265095
2018-05-07,0.11605194
2018-05-08,0.11277059
2018-05-09,0.10640744
2018-05-10,0.1030896
2018-05-11,0.10283189
2018-05-14,0.104293495
2018-05-15,0.10499826
2018-05-16,0.10968943
2018-05-17,0.10878622
2018-05-18,0.11089824
2018-05-21,0.10728936
2018-05-22,0.102629736
2018-05-23,0.095027305
2018-05-24,0.09042317
2018-05-25,0.08390392
2018-05-29,0.080022335
2018-05-30,0.088668466
2018-05-31,0.09425533
2018-06-01,0.09728783
2018-06-04,0.097343266
2018-06-05,0.09551743
2018-06-06,0.097199105
2018-06-07,0.097406305
2018-06-08,0.10058275
2018-06-11,0.099778734
2018-06-12,0.09786425
2018-06-13,0.097597264
2018-06-14,0.09355452
2018-06-15,0.09003017
2018-06-18,0.0901524
2018-06-19,0.09068241
2018-06-20,0.097542375
2018-06-21,0.09655649
2018-06-22,0.09893446
2018-06-25,0.10056522
2018-06-26,0.10718784
2018-06-27,0.104302645
2018-06-28,0.10409963
2018-06-29,0.104825005
2018-07-02,0.0969352
2018-07-03,0.09436896
2018-07-05,0.09425898
2018-07-06,0.08891004
2018-07-09,0.090292014
2018-07-10,0.09456226
2018-07-11,0.09571385
2018-07-12,0.10140067
2018-07-13,0.104905054
2018-07-16,0.10749149
2018-07-17,0.10777515
2018-07-18,0.10565162
2018-07-19,0.10260069
2018-07-20,0.10184809
2018-07-23,0.09660009
2018-07-24,0.097474895
2018-07-25,0.090400815
2018-07-26,0.08791078
2018-07-27,0.088177815
2018-07-30,0.09106073
2018-07-31,0.09402164
2018-08-01,0.09375114
2018-08-02,0.09613499
2018-08-03,0.095374286
2018-08-06,0.09102032
2018-08-07,0.08797095
2018-08-08,0.08553595
2018-08-09,0.080750465
2018-08-10,0.07719018
2018-08-13,0.084498286
2018-08-14,0.0968056
2018-08-15,0.09710258
2018-08-16,0.09968845
2018-08-17,0.09745134
2018-08-20,0.09730416
2018-08-21,0.096929766
2018-08-22,0.09434
2018-08-23,0.09052679
2018-08-24,0.08957087
2018-08-27,0.09019128
2018-08-28,0.091640994
2018-08-29,0.09403541
2018-08-30,0.09449844
2018-08-31,0.098361306
2018-09-04,0.09852262
2018-09-05,0.100407496
2018-09-06,0.10684574
2018-09-07,0.11200228
2018-09-10,0.11252943
2018-09-11,0.10483019
2018-09-12,0.09761145
2018-09-13,0.09474045
2018-09-14,0.087159455
2018-09-17,0.08206192
2018-09-18,0.08486718
2018-09-19,0.08733668
2018-09-20,0.08827517
2018-09-21,0.08962817
2018-09-24,0.090851076
2018-09-25,0.08960724
2018-09-26,0.085024446
2018-09-27,0.08325742
2018-09-28,0.08149125
2018-10-01,0.08075922
2018-10-02,0.079214625
2018-10-03,0.079751216
2018-10-04,0.077593304
2018-10-05,0.08698208
2018-10-08,0.090999156
2018-10-09,0.09240407
2018-10-10,0.091037
2018-10-11,0.13023748
2018-10-12,0.18832344
2018-10-15,0.1879178
2018-10-16,0.17463163
2018-10-17,0.16877583
2018-10-18,0.16758166
2018-10-19,0.17267232
2018-10-22,0.17531124
2018-10-23,0.1778019
2018-10-24,0.1846215
2018-10-25,0.2145407
2018-10-26,0.22974277
2018-10-29,0.24552996
2018-10-30,0.25331533
2018-10-31,0.25110248
2018-11-01,0.24616048
2018-11-02,0.2464329
2018-11-05,0.24790318
2018-11-06,0.24825096
2018-11-07,0.2488624
2018-11-08,0.2361127
2018-11-09,0.22172226
2018-11-12,0.21934222
2018-11-13,0.22376515
2018-11-14,0.21515676
2018-11-15,0.21220422
2018-11-16,0.21499503
2018-11-19,0.21746781
2018-11-20,0.22610886
2018-11-21,0.23311637
2018-11-23,0.21415293
2018-11-26,0.20042108
2018-11-27,0.18825272
2018-11-28,0.18300787
2018-11-29,0.1844472
2018-11-30,0.18575011
2018-12-03,0.183481
2018-12-04,0.185737
2018-12-06,0.20686515
2018-12-07,0.21457131
2018-12-10,0.21885814
2018-12-11,0.22092809
2018-12-12,0.21972187
2018-12-13,0.21403864
2018-12-14,0.21185927
2018-12-17,0.21697107
2018-12-18,0.21924023
2018-12-19,0.21799812
2018-12-20,0.21785605
2018-12-21,0.21522968
2018-12-24,0.21664599
2018-12-26,0.22135916
2018-12-27,0.23800725
2018-12-28,0.24596077
2018-12-31,0.24150415
2019-01-02,0.24065448
2019-01-03,0.23602472
2019-01-04,0.23335405
2019-01-07,0.23628248
2019-01-08,0.24193895
2019-01-09,0.23686174
2019-01-10,0.23599158
2019-01-11,0.23392646
2019-01-14,0.2312188
2019-01-15,0.22725818
2019-01-16,0.22080064
2019-01-17,0.21185715
2019-01-18,0.21011563
2019-01-22,0.20440967
2019-01-23,0.2092887
2019-01-24,0.20669232
2019-01-25,0.19486539
2019-01-28,0.17226954
2019-01-29,0.16692518
2019-01-30,0.16577251
2019-01-31,0.17006049
2019-02-01,0.17295718
2019-02-04,0.16162594
2019-02-05,0.13624619
2019-02-06,0.12576286
2019-02-07,0.12468135
2019-02-08,0.13139436
2019-02-11,0.13491589
2019-02-12,0.13480328
2019-02-13,0.13243121
2019-02-14,0.12979537
2019-02-15,0.12884268
2019-02-19,0.12771058
2019-02-20,0.12615283
2019-02-21,0.1149814
2019-02-22,0.11166273
2019-02-25,0.10912451
2019-02-26,0.10484926
2019-02-27,0.100014314
2019-02-28,0.098220594
2019-03-01,0.09470316
2019-03-04,0.08840641
2019-03-05,0.08630746
2019-03-06,0.08417776
2019-03-07,0.082330495
2019-03-08,0.086437464
2019-03-11,0.08300164
2019-03-12,0.0859959
2019-03-13,0.0881086
2019-03-14,0.08492181
2019-03-15,0.083637044
2019-03-18,0.084739834
2019-03-19,0.08475762
2019-03-20,0.085677825
2019-03-21,0.08618326
2019-03-22,0.086906634
2019-03-25,0.104266636
2019-03-26,0.111258
2019-03-27,0.11291027
2019-03-28,0.1152158
2019-03-29,0.11400263
2019-04-01,0.11236893
2019-04-02,0.1144173
2019-04-03,0.117214635
2019-04-04,0.11730043
2019-04-05,0.11231585
2019-04-08,0.10870912
2019-04-09,0.10446297
2019-04-10,0.10345382
2019-04-11,0.10264669
2019-04-12,0.10199751
2019-04-15,0.1004409
2019-04-16,0.10060461
2019-04-17,0.09968461
2019-04-18,0.099126376
2019-04-22,0.09791019
2019-04-23,0.08006251
2019-04-24,0.07277349
2019-04-25,0.07492686
2019-04-26,0.07299117
2019-04-29,0.07171145
2019-04-30,0.070492804
2019-05-01,0.067231946
2019-05-02,0.07020321
2019-05-03,0.0675876
2019-05-06,0.06653044
2019-05-07,0.07308393
2019-05-08,0.09161601
2019-05-09,0.1008029
2019-05-10,0.106946506
2019-05-13,0.10657033
2019-05-14,0.13538603
2019-05-15,0.15531363
2019-05-16,0.15048619
2019-05-17,0.14670183
2019-05-20,0.14851081
2019-05-21,0.14961421
2019-05-22,0.14954469
2019-05-23,0.14960386
2019-05-24,0.15256613
2019-05-28,0.15170966
2019-05-29,0.15048483
2019-05-30,0.1507512
2019-05-31,0.14992
2019-06-03,0.15086699
2019-06-04,0.14668679
2019-06-05,0.1505638
2019-06-06,0.14882773
2019-06-07,0.14781295
2019-06-10,0.14613308
2019-06-11,0.1448561
2019-06-12,0.12475671
2019-06-13,0.11576988
2019-06-14,0.110464096
2019-06-17,0.10898256
2019-06-18,0.10636036
2019-06-19,0.10756449
2019-06-20,0.107682966
2019-06-21,0.10918349
2019-06-24,0.10635168
2019-06-25,0.104975216
2019-06-26,0.10683661
2019-06-27,0.10425112
2019-06-28,0.10234476
2019-07-01,0.09669407
2019-07-02,0.09382918
2019-07-03,0.08624501
2019-07-05,0.08310035
2019-07-08,0.0830266
2019-07-09,0.0846351
2019-07-10,0.08466704
2019-07-11,0.08479204
2019-07-12,0.08372043
2019-07-15,0.08335382
2019-07-16,0.08242919
2019-07-17,0.082073845
2019-07-18,0.07855314
2019-07-19,0.07530929
2019-07-22,0.07103657
2019-07-23,0.06942833
2019-07-24,0.06847908
2019-07-25,0.06398924
2019-07-26,0.06670014
2019-07-29,0.06694304
2019-07-30,0.06987002
2019-07-31,0.070829526
2019-08-01,0.07989376
2019-08-02,0.088645145
2019-08-05,0.09702006
2019-08-06,0.15321258
2019-08-07,0.16809559
2019-08-08,0.1587514
2019-08-09,0.15405959
2019-08-12,0.1551654
2019-08-13,0.15832944
2019-08-14,0.16581535
2019-08-15,0.18531737
2019-08-16,0.19095352
2019-08-19,0.19647817
2019-08-20,0.19977833
2019-08-21,0.20074727
2019-08-22,0.2026142
2019-08-23,0.20271209
2019-08-26,0.20908497
2019-08-27,0.2062081
2019-08-28,0.20997888
2019-08-29,0.20454903
2019-08-30,0.19900738
2019-09-03,0.19570534
2019-09-04,0.1801089
2019-09-05,0.16851683
2019-09-06,0.16671441
2019-09-09,0.16397986
2019-09-10,0.15993695
2019-09-11,0.1575572
2019-09-12,0.15273918
2019-09-13,0.13224037
2019-09-16,0.12480046
2019-09-17,0.12247267
2019-09-18,0.12034543
2019-09-19,0.119946934
2019-09-20,0.118721336
2019-09-23,0.11845663
2019-09-24,0.100386724
2019-09-25,0.09590132
2019-09-26,0.091590375
2019-09-27,0.08968074
2019-09-30,0.09097723
2019-10-01,0.09192632
2019-10-02,0.09712198
2019-10-03,0.10775691
2019-10-04,0.10164532
2019-10-07,0.101691574
2019-10-08,0.10468792
2019-10-09,0.10992126
2019-10-10,0.110337175
2019-10-11,0.110165484
2019-10-14,0.11342545
2019-10-15,0.115966745
2019-10-16,0.11753464
2019-10-17,0.11869008
2019-10-18,0.11888864
2019-10-21,0.12158315
2019-10-22,0.122217074
2019-10-23,0.121556535
2019-10-24,0.1205611
2019-10-25,0.12031788
2019-10-28,0.11729561
2019-10-29,0.11472712
2019-10-30,0.110412754
2019-10-31,0.09792269
2019-11-01,0.08938523
2019-11-04,0.08566716
2019-11-05,0.083608404
2019-11-06,0.07897887
2019-11-07,0.078590795
2019-11-08,0.077833615
2019-11-11,0.07597644
2019-11-12,0.076395795
2019-11-13,0.0742621
2019-11-14,0.07485751
2019-11-15,0.07476637
2019-11-18,0.07227054
2019-11-19,0.07100333
2019-11-20,0.07070702
2019-11-21,0.0738552
2019-11-22,0.07703564
2019-11-25,0.076934315
2019-11-26,0.07759342
2019-11-27,0.078408115
2019-11-29,0.079235315
2019-12-02,0.083772354
2019-12-03,0.084056705
2019-12-04,0.08467558
2019-12-05,0.082997486
2019-12-06,0.083340175
2019-12-09,0.083935164
2019-12-10,0.08743978
2019-12-11,0.0877025
2019-12-12,0.08933675
2019-12-13,0.093543135
2019-12-16,0.09694289
2019-12-17,0.0961406
2019-12-18,0.09693201
2019-12-19,0.09799555
2019-12-20,0.09669242
2019-12-23,0.09436832
2019-12-24,0.09295147
2019-12-26,0.09077393
2019-12-27,0.08900415
2019-12-30,0.08854823
2019-12-31,0.08811466
2020-01-02,0.084569894
2020-01-03,0.079186276
2020-01-06,0.08445727
2020-01-07,0.08544495
2020-01-08,0.08460125
2020-01-09,0.0825076
2020-01-10,0.08157946
2020-01-13,0.07875508
2020-01-14,0.07492952
2020-01-15,0.07597521
2020-01-16,0.076846406
2020-01-17,0.07750755
2020-01-21,0.07882113
2020-01-22,0.08503397
2020-01-23,0.08760215
2020-01-24,0.08961002
2020-01-27,0.09312975
2020-01-28,0.11256769
2020-01-29,0.13322133
2020-01-30,0.14043342
2020-01-31,0.14541273
2020-02-03,0.15447308
2020-02-04,0.15995854
2020-02-05,0.15897709
2020-02-06,0.15599881
2020-02-07,0.15649395
2020-02-10,0.15869457
2020-02-11,0.15696657
2020-02-12,0.15604015
2020-02-13,0.15736903
2020-02-14,0.15982495
2020-02-18,0.1585085
2020-02-19,0.1619149
2020-02-20,0.16371727
2020-02-21,0.17304294
2020-02-24,0.18692452
2020-02-25,0.2362643
2020-02-26,0.27557206
2020-02-27,0.2792462
2020-02-28,0.30212793
2020-03-02,0.298148
2020-03-03,0.2734323
2020-03-04,0.26012138
2020-03-05,0.27105132
2020-03-06,0.28898114
2020-03-09,0.3084434
2020-03-10,0.3805118
2020-03-11,0.42591658
2020-03-12,0.48166645
2020-03-13,0.54432434
2020-03-16,0.5417978
2020-03-17,0.6673235
2020-03-18,0.70775086
2020-03-19,0.725839
2020-03-20,0.732992
2020-03-23,0.75571233
2020-03-24,0.7564395
2020-03-25,0.7989137
2020-03-26,0.8135886
2020-03-27,0.82212853
2020-03-30,0.83012766
2020-03-31,0.846881
2020-04-01,0.85468453
2020-04-02,0.8785129
2020-04-03,0.9036699
2020-04-06,0.9209541
2020-04-07,0.8957972
2020-04-08,0.8742748
2020-04-09,0.83118147
2020-04-13,0.738337
2020-04-14,0.68463594
2020-04-15,0.59282404
2020-04-16,0.545831
2020-04-17,0.49556246
2020-04-20,0.47322318
2020-04-21,0.46324855
2020-04-22,0.46119067
2020-04-23,0.4228086
2020-04-24,0.4132397
2020-04-27,0.39613786
2020-04-28,0.3750175
2020-04-29,0.36604548
2020-04-30,0.3615041
2020-05-01,0.34255818
2020-05-04,0.33852097
2020-05-05,0.33076265
2020-05-06,0.2906336
2020-05-07,0.26515907
2020-05-08,0.2532185
2020-05-11,0.24925868
2020-05-12,0.24824171
2020-05-13,0.24431491
2020-05-14,0.244918
2020-05-15,0.2396274
2020-05-18,0.23524897
2020-05-19,0.23576824
2020-05-20,0.22146247
2020-05-21,0.21558215
2020-05-22,0.21489416
2020-05-26,0.21584152
2020-05-27,0.21118851
2020-05-28,0.21202968
2020-05-29,0.20279579
2020-06-01,0.19669035
2020-06-02,0.17751457
2020-06-03,0.16889066
2020-06-04,0.16777337
2020-06-05,0.17129858
2020-06-08,0.17737915
2020-06-09,0.18027823
2020-06-10,0.18298241
2020-06-11,0.17611788
2020-06-12,0.22148864
2020-06-15,0.23450689
2020-06-16,0.25261128
2020-06-17,0.2616913
2020-06-18,0.25940073
2020-06-19,0.25118503
2020-06-22,0.24729507
2020-06-23,0.24287988
2020-06-24,0.23936059
2020-06-25,0.24656302
2020-06-26,0.24162917
2020-06-29,0.2520928
2020-06-30,0.2461178
2020-07-01,0.25010526
2020-07-02,0.24252243
2020-07-06,0.24093442
2020-07-07,0.2359658
2020-07-08,0.23974524
2020-07-09,0.24083896
2020-07-10,0.23992059
2020-07-13,0.19057395
2020-07-14,0.16460128
2020-07-15,0.15479536
2020-07-16,0.14661767
2020-07-17,0.14729626
2020-07-20,0.14780992
2020-07-21,0.1463857
2020-07-22,0.14680488
2020-07-23,0.14680465
2020-07-24,0.14581016
2020-07-27,0.14590503
2020-07-28,0.13598116
2020-07-29,0.13351516
2020-07-30,0.13178733
2020-07-31,0.1338649
2020-08-03,0.133482
2020-08-04,0.12514664
2020-08-05,0.11638294
2020-08-06,0.112840526
2020-08-07,0.11301146
2020-08-10,0.11502387
2020-08-11,0.11174747
2020-08-12,0.112345174
2020-08-13,0.115453035
2020-08-14,0.11686224
2020-08-17,0.1182682
2020-08-18,0.11661576
2020-08-19,0.11986047
2020-08-20,0.12318723
2020-08-21,0.119871214
2020-08-24,0.116086274
2020-08-25,0.11005032
2020-08-26,0.105008535
2020-08-27,0.099169105
2020-08-28,0.10097891
2020-08-31,0.098927505
2020-09-01,0.10187401
2020-09-02,0.10253745
2020-09-03,0.1032395
2020-09-04,0.13643223
2020-09-08,0.15594214
2020-09-09,0.17836733
2020-09-10,0.1922261
2020-09-11,0.20136546
2020-09-14,0.19932784
2020-09-15,0.19754569
2020-09-16,0.1991932
2020-09-17,0.19813327
2020-09-18,0.20061447
2020-09-21,0.20220296
2020-09-22,0.20300397
2020-09-23,0.2003607
2020-09-24,0.20657115
2020-09-25,0.2038926
2020-09-28,0.20364211
2020-09-29,0.20609088
2020-09-30,0.20631583
2020-10-01,0.20518129
2020-10-02,0.20271759
2020-10-05,0.18770254
2020-10-06,0.18031736
2020-10-07,0.1782043
2020-10-08,0.17318812
2020-10-09,0.16495448
2020-10-12,0.16370855
2020-10-13,0.1598234
2020-10-14,0.16275911
2020-10-15,0.16214393
2020-10-16,0.16320702
2020-10-19,0.16122349
2020-10-20,0.16421385
2020-10-21,0.16258164
2020-10-22,0.15138087
2020-10-23,0.14594309
2020-10-26,0.14169925
2020-10-27,0.1462193
2020-10-28,0.14794014
2020-10-29,0.17161533
2020-10-30,0.17979681
2020-11-02,0.19565834
2020-11-03,0.18318488
2020-11-04,0.1762615
2020-11-05,0.17832012
2020-11-06,0.18925622
2020-11-09,0.19626047
2020-11-10,0.19720729
2020-11-11,0.19437094
2020-11-12,0.19897676
2020-11-13,0.20364584
2020-11-16,0.20364723
2020-11-17,0.20274648
2020-11-18,0.20205286
2020-11-19,0.20451494
2020-11-20,0.20231643
2020-11-23,0.20253685
2020-11-24,0.1952207
2020-11-25,0.18704377
2020-11-27,0.16557294
2020-11-30,0.15452941
2020-12-01,0.14656329
2020-12-02,0.14083356
2020-12-03,0.1353415
2020-12-04,0.12578279
2020-12-07,0.11604031
2020-12-08,0.11235568
2020-12-09,0.11134449
2020-12-10,0.11659577
2020-12-11,0.117339954
2020-12-14,0.11600009
2020-12-15,0.11482653
2020-12-16,0.108986065
2020-12-17,0.10647575
2020-12-18,0.10170727
2020-12-21,0.104704246
2020-12-22,0.10840947
2020-12-23,0.11441492
2020-12-24,0.11005581
2020-12-28,0.1033221
2020-12-29,0.09879598
2020-12-30,0.094394416
2020-12-31,0.08880866
2021-01-04,0.08657097
2021-01-05,0.08916615
2021-01-06,0.086123794
2021-01-07,0.08601513
2021-01-08,0.088368975
2021-01-11,0.094850704
2021-01-12,0.10568056
2021-01-13,0.110657126
2021-01-14,0.11089368
2021-01-15,0.10983136
2021-01-19,0.120712265
2021-01-20,0.12403186
2021-01-21,0.1252437
2021-01-22,0.12274452
2021-01-25,0.1257967
2021-01-26,0.12726404
2021-01-27,0.12918505
2021-01-28,0.15265708
2021-01-29,0.16110955
2021-02-01,0.18365933
2021-02-02,0.19551165
2021-02-03,0.19930191
2021-02-04,0.20260428
2021-02-05,0.20662089
2021-02-08,0.20153089
2021-02-09,0.19548814
2021-02-10,0.19003065
2021-02-11,0.18729486
2021-02-12,0.18757954
2021-02-16,0.1835355
2021-02-17,0.17743547
2021-02-18,0.1739371
2021-02-19,0.16976014
2021-02-22,0.16596662
2021-02-23,0.17040563
2021-02-24,0.171409
2021-02-25,0.17178763
2021-02-26,0.17310184
2021-03-01,0.17513771
2021-03-02,0.16275941
2021-03-03,0.1501838
2021-03-04,0.15622002
2021-03-05,0.1638559
2021-03-08,0.1596842
2021-03-09,0.16330747
2021-03-10,0.1668662
2021-03-11,0.17098065
2021-03-12,0.1803391
2021-03-15,0.1844379
2021-03-16,0.18672262
2021-03-17,0.18790516
2021-03-18,0.18740143
2021-03-19,0.19210039
2021-03-22,0.19019203
2021-03-23,0.18538049
2021-03-24,0.18546735
2021-03-25,0.18202613
2021-03-26,0.17756641
2021-03-29,0.17591804
2021-03-30,0.1650217
2021-03-31,0.15784143
2021-04-01,0.15142418
2021-04-05,0.14523269
2021-04-06,0.1419054
2021-04-07,0.13777901
2021-04-08,0.13316922
2021-04-09,0.13086627
2021-04-12,0.12401647
2021-04-13,0.12184038
2021-04-14,0.12139201
2021-04-15,0.11968487
2021-04-16,0.122271605
2021-04-19,0.11186438
2021-04-20,0.108021714
2021-04-21,0.1081398
2021-04-22,0.10191443
2021-04-23,0.10245931
2021-04-26,0.10207027
2021-04-27,0.09937571
2021-04-28,0.09772891
2021-04-29,0.09717581
2021-04-30,0.09566039
2021-05-03,0.1006428
2021-05-04,0.09596451
2021-05-05,0.09723057
2021-05-06,0.097001
2021-05-07,0.09837222
2021-05-10,0.10034503
2021-05-11,0.109007195
2021-05-12,0.117007
2021-05-13,0.15778111
2021-05-14,0.17373018
2021-05-17,0.16970749
2021-05-18,0.16532063
2021-05-19,0.16312046
2021-05-20,0.15691315
2021-05-21,0.1523265
2021-05-24,0.15112191
2021-05-25,0.1527473
2021-05-26,0.15235353
2021-05-27,0.15023877
2021-05-28,0.15053235
2021-06-01,0.14740528
2021-06-02,0.14647283
2021-06-03,0.14644511
2021-06-04,0.14756398
2021-06-07,0.14334151
2021-06-08,0.1467245
2021-06-09,0.14532539
2021-06-10,0.13868585
2021-06-11,0.109072894
2021-06-14,0.094009615
2021-06-15,0.07981194
2021-06-16,0.07270912
2021-06-17,0.07443511
2021-06-18,0.07693395
2021-06-21,0.08008235
2021-06-22,0.081225835
2021-06-23,0.08023379
2021-06-24,0.081652276
2021-06-25,0.080414385
2021-06-28,0.080059245
2021-06-29,0.08155739
2021-06-30,0.084595256
2021-07-01,0.08408563
2021-07-02,0.081187196
2021-07-06,0.07752855
2021-07-07,0.077869855
2021-07-08,0.081102125
2021-07-09,0.08711432
2021-07-12,0.091125794
2021-07-13,0.08859808
2021-07-14,0.09129219
2021-07-15,0.09186036
2021-07-16,0.08802822
2021-07-19,0.09472146
2021-07-20,0.11126196
2021-07-21,0.11383088
2021-07-22,0.11056039
2021-07-23,0.1055048
2021-07-26,0.10247865
2021-07-27,0.10405885
2021-07-28,0.108225256
2021-07-29,0.11248507
2021-07-30,0.11154854
2021-08-02,0.11383771
2021-08-03,0.11315318
2021-08-04,0.11333698
2021-08-05,0.11352195
2021-08-06,0.10809895
2021-08-09,0.10387356
2021-08-10,0.10063533
2021-08-11,0.1016975
2021-08-12,0.10081281
2021-08-13,0.09880878
2021-08-16,0.09434815
2021-08-17,0.082525484
2021-08-18,0.07908045
2021-08-19,0.07932906
2021-08-20,0.07754621
2021-08-23,0.07294327
2021-08-24,0.07854318
2021-08-25,0.08233299
2021-08-26,0.08541101
2021-08-27,0.08877041
2021-08-30,0.08778478
2021-08-31,0.08722208
2021-09-01,0.08829868
2021-09-02,0.087923564
2021-09-03,0.08604241
2021-09-07,0.08443284
2021-09-08,0.08490719
2021-09-09,0.086539544
2021-09-10,0.08911163
2021-09-13,0.090104625
2021-09-14,0.09282437
2021-09-15,0.093733996
2021-09-16,0.09213753
2021-09-17,0.09039941
2021-09-20,0.0948975
2021-09-21,0.11386011
2021-09-22,0.12396374
2021-09-23,0.1250985
2021-09-24,0.13458933
2021-09-27,0.13080366
2021-09-28,0.124311164
